original_url,domain,remapped_url
https://advance-lexis-com.ezproxy-az.sclqld.org.au/api/permalink/e07322c1-da01-48d3-a2d8-5474aafe1932/?context=1201008&identityprofileid=98NNDT55483,advance-lexis-com.ezproxy-az.sclqld.org.au,https://jade.io/article/169523
https://advance-lexis-com.ezproxy-az.sclqld.org.au/document/documentlink/?pdmfid=1201008&crid=1d30bcdb-1ba8-44c3-a48d-9a6504faf7e7&pddocfullpath=%2Fshared%2Fdocument%2Fcases-au%2Furn%3AcontentItem%3A65PS-2CC1-F4GK-M1FS-00000-00&pdcontentcomponentid=267708&pddoctitle=%5B2022%5D+QCA+108&pdproductcontenttypeid=urn%3Apct%3A170&pdiskwicview=false&ecomp=g2z2k&prid=4ebd1e4a-1e67-43e8-a783-1d707b2fe1e8,advance-lexis-com.ezproxy-az.sclqld.org.au,https://jade.io/article/934435
https://advance-lexis-com.ezproxy-az.sclqld.org.au/document/onecase/?pdmfid=1201008&crid=fc9ac081-030d-428f-a18f-09184595b47d&pddocfullpath=%2Fshared%2Fdocument%2Fcases-au%2Furn%3AcontentItem%3A5SM9-G441-F1WF-M2G8-00000-00&pdcontentcomponentid=267708&pdteaserkey=cr2&pdicsfeatureid=1517127&pditab=allpods&ecomp=hctpk&earg=cr2&prid=3b8415b2-7479-4be0-a425-f59030f2e5b6,advance-lexis-com.ezproxy-az.sclqld.org.au,https://jade.io/article/592896
https://advance-lexis-com.ezproxy-az.sclqld.org.au/document/?pdmfid=1201008&crid=c50bb7ff-acb2-4654-958a-63d7fec84c23&pddocfullpath=%2Fshared%2Fdocument%2Fcases-au%2Furn%3AcontentItem%3A5PB3-H441-FFFC-B09G-00000-00&pdcontentcomponentid=267708&pdshepid=urn%3AcontentItem%3A5PB3-H441-FFFC-B09G-00000-00&pdteaserkey=sr0&pdicsfeatureid=1517127&pditab=allpods&ecomp=hwtpk&earg=sr0&prid=7a737290-5d59-41c4-a16b-618471f9cbbe,advance-lexis-com.ezproxy-az.sclqld.org.au,https://jade.io/article/207164
https://advance-lexis-com.ezproxy-az.sclqld.org.au/document/documentlink/?pdmfid=1201008&crid=1164d926-6293-4843-b66d-e968edc7c453&pddocfullpath=%2Fshared%2Fdocument%2Fcases-au%2Furn%3AcontentItem%3A59TD-NJD1-F2TK-207D-00000-00&pdcontentcomponentid=267706&pddoctitle=%5B2013%5D+NSWCCA+237&pdproductcontenttypeid=urn%3Apct%3A170&pdiskwicview=false&ecomp=g2z2k&prid=d94956b2-cfb0-4540-b780-f2356e032685,advance-lexis-com.ezproxy-az.sclqld.org.au,https://jade.io/article/304968
https://advance-lexis-com.ezproxy-az.sclqld.org.au/document/onecase/?pdmfid=1201008&crid=147082ab-2b23-49f1-9af4-de849d6285aa&pddocfullpath=%2Fshared%2Fdocument%2Fcases-au%2Furn%3AcontentItem%3A5MXP-1H71-FJDY-X1SP-00000-00&pdcontentcomponentid=267706&pdteaserkey=cr2&pdicsfeatureid=1517127&pditab=allpods&ecomp=hwtpk&earg=cr2&prid=336b910a-2fb9-42a0-8e75-fcd6380091ac,advance-lexis-com.ezproxy-az.sclqld.org.au,https://jade.io/article/521424
https://advance-lexis-com.ezproxy-az.sclqld.org.au/document/onecase/?pdmfid=1201008&crid=aa1130db-3cb7-47e9-b849-090908a82a3d&pddocfullpath=%2Fshared%2Fdocument%2Fcases-au%2Furn%3AcontentItem%3A61JY-V8T1-K0HK-22K8-00000-00&pdcontentcomponentid=267706&pdteaserkey=cr1&pdicsfeatureid=1517127&pditab=allpods&ecomp=hwtpk&earg=cr1&prid=33c2ae89-0482-4cab-a84e-7d304e933fe9,advance-lexis-com.ezproxy-az.sclqld.org.au,https://jade.io/article/780385
https://anzlaw.thomsonreuters.com/Document/I37d5c5a0899111e8aca5bab3c9b3f468/View/FullText.html?transitionType=Default&contextData=(sc.Default)&VR=3.0&RS=cblt1.0,anzlaw.thomsonreuters.com,https://jade.io/article/142452
https://anzlaw.thomsonreuters.com/Document/I4993857088ab11e8aca5bab3c9b3f468/View/FullText.html?transitionType=Default&contextData=(sc.Default)&VR=3.0&RS=cblt1.0,anzlaw.thomsonreuters.com,https://jade.io/article/206991
https://anzlaw.thomsonreuters.com/Document/I63a2bbe088a911e8aca5bab3c9b3f468/View/FullText.html?transitionType=Default&contextData=(sc.Default)&VR=3.0&RS=cblt1.0,anzlaw.thomsonreuters.com,https://jade.io/article/206684
https://anzlaw.thomsonreuters.com/Document/I78192fc0184511ed81c5f735b8cf580f/View/FullText.html?transitionType=Default&contextData=(sc.Default)&VR=3.0&RS=cblt1.0,anzlaw.thomsonreuters.com,https://jade.io/article/940630
https://anzlaw.thomsonreuters.com/Document/I8669f472a2e611eab1cbf180a7ce9b34/View/FullText.html?transitionType=Default&contextData=(sc.Default)&VR=3.0&RS=cblt1.0,anzlaw.thomsonreuters.com,https://jade.io/article/736792
https://anzlaw.thomsonreuters.com/Document/Ic8896d50642211efb6d78c1fa0b6d9c8/View/FullText.html?transitionType=Default&contextData=(sc.Default)&VR=3.0&RS=cblt1.0,anzlaw.thomsonreuters.com,https://jade.io/article/1087633
https://anzlaw.thomsonreuters.com/Document/Ic8d28070cf8611eea4f4c0c40afe197b/View/FullText.html?transitionType=UniqueDocItem&contextData=(sc.Default)&userEnteredCitation=R+v+Tracy+%5b2024%5d+QCA+19&comp=wlau,anzlaw.thomsonreuters.com,https://jade.io/article/1063291
https://anzlaw.thomsonreuters.com/Document/Icc9597108cf011efaf09a53406c15bac/View/FullText.html?transitionType=Default&contextData=(sc.Default)&VR=3.0&RS=cblt1.0,anzlaw.thomsonreuters.com,https://jade.io/article/1095366
https://anzlaw.thomsonreuters.com/Document/Idb17678087b311e8aca5bab3c9b3f468/View/FullText.html?transitionType=Default&contextData=(sc.Default)&VR=3.0&RS=cblt1.0,anzlaw.thomsonreuters.com,https://jade.io/article/68197
https://anzlaw.thomsonreuters.com/Document/If32f523088ab11e8aca5bab3c9b3f468/View/FullText.html?transitionType=Default&contextData=(sc.Default)&VR=3.0&RS=cblt1.0,anzlaw.thomsonreuters.com,https://jade.io/article/166959
https://anzlaw.thomsonreuters.com/Link/Document/FullText?findType=Y&serNum=1981172709&pubNum=3586&originatingDoc=I62b4467087a711e8aca5bab3c9b3f468&refType=TG&originationContext=document&transitionType=DocumentItem&ppcid=3330ee783afa40b282a2af2e018cf321&contextData=(sc.Default)&comp=wlau,anzlaw.thomsonreuters.com,https://jade.io/article/172213
http://archive.sclqld.org.au/qjudgment/1994/QCA94-476.pdf,archive.sclqld.org.au,https://jade.io/article/205998
http://archive.sclqld.org.au/qjudgment/1996/QCA96-256.pdf,archive.sclqld.org.au,https://jade.io/article/165601
http://archive.sclqld.org.au/qjudgment/1996/QCA96-405.pdf,archive.sclqld.org.au,https://jade.io/article/165673
http://archive.sclqld.org.au/qjudgment/1997/QCA97-441.pdf,archive.sclqld.org.au,https://jade.io/article/206694
http://archive.sclqld.org.au/qjudgment/1997/QCA97-452.pdf,archive.sclqld.org.au,https://jade.io/article/206684
http://archive.sclqld.org.au/qjudgment/1997/QCA97-460.pdf,archive.sclqld.org.au,https://jade.io/article/206679
http://archive.sclqld.org.au/qjudgment/1997/QCA97-483.pdf,archive.sclqld.org.au,https://jade.io/article/206659
http://archive.sclqld.org.au/qjudgment/1998/QCA98-064.pdf,archive.sclqld.org.au,https://jade.io/article/166035
http://archive.sclqld.org.au/qjudgment/1998/QCA98-188.pdf,archive.sclqld.org.au,https://jade.io/article/166102
http://archive.sclqld.org.au/qjudgment/1998/QCA98-393.pdf,archive.sclqld.org.au,https://jade.io/article/166194
http://archive.sclqld.org.au/qjudgment/1999/QCA99-105.pdf,archive.sclqld.org.au,https://jade.io/article/166285
http://archive.sclqld.org.au/qjudgment/1999/QCA99-108.pdf,archive.sclqld.org.au,https://jade.io/article/166282
http://archive.sclqld.org.au/qjudgment/2000/QCA00-211.pdf,archive.sclqld.org.au,https://jade.io/article/166634
http://archive.sclqld.org.au/qjudgment/2000/QCA00-347.pdf,archive.sclqld.org.au,https://jade.io/article/209119
http://archive.sclqld.org.au/qjudgment/2000/QCA00-393.pdf,archive.sclqld.org.au,https://jade.io/article/206953
http://archive.sclqld.org.au/qjudgment/2001/QCA01-105.pdf,archive.sclqld.org.au,https://jade.io/article/166959
http://archive.sclqld.org.au/qjudgment/2001/QCA01-183.pdf,archive.sclqld.org.au,https://jade.io/article/167010
http://archive.sclqld.org.au/qjudgment/2001/QCA01-193.pdf,archive.sclqld.org.au,https://jade.io/article/167022
http://archive.sclqld.org.au/qjudgment/2001/QCA01-272.pdf,archive.sclqld.org.au,https://jade.io/article/167107
http://archive.sclqld.org.au/qjudgment/2001/QCA01-309.pdf,archive.sclqld.org.au,https://jade.io/article/167137
http://archive.sclqld.org.au/qjudgment/2001/QCA01-390.pdf,archive.sclqld.org.au,https://jade.io/article/167216
http://archive.sclqld.org.au/qjudgment/2002/QCA02-360.pdf,archive.sclqld.org.au,https://jade.io/article/167705
http://archive.sclqld.org.au/qjudgment/2002/QCA02-442.pdf,archive.sclqld.org.au,https://jade.io/article/167782
http://archive.sclqld.org.au/qjudgment/2003/QCA03-246.pdf,archive.sclqld.org.au,https://jade.io/article/168066
http://archive.sclqld.org.au/qjudgment/2003/QCA03-356.pdf,archive.sclqld.org.au,https://jade.io/article/168113
http://archive.sclqld.org.au/qjudgment/2003/QCA03-431.pdf,archive.sclqld.org.au,https://jade.io/article/168154
http://archive.sclqld.org.au/qjudgment/2003/QCA03-567.pdf,archive.sclqld.org.au,https://jade.io/article/168245
http://archive.sclqld.org.au/qjudgment/2004/QCA04-018.pdf,archive.sclqld.org.au,https://jade.io/article/168288
http://archive.sclqld.org.au/qjudgment/2004/QCA04-099.pdf,archive.sclqld.org.au,https://jade.io/article/168361
http://archive.sclqld.org.au/qjudgment/2004/QCA04-219.pdf,archive.sclqld.org.au,https://jade.io/article/207208
http://archive.sclqld.org.au/qjudgment/2004/QCA04-393.pdf,archive.sclqld.org.au,https://jade.io/article/168619
http://archive.sclqld.org.au/qjudgment/2004/QCA04-419.pdf,archive.sclqld.org.au,https://jade.io/article/168648
http://archive.sclqld.org.au/qjudgment/2004/QCA04-481.pdf,archive.sclqld.org.au,https://jade.io/article/168707
http://archive.sclqld.org.au/qjudgment/2005/QCA05-097.pdf,archive.sclqld.org.au,https://jade.io/article/168814
http://archive.sclqld.org.au/qjudgment/2005/QCA05-103.pdf,archive.sclqld.org.au,https://jade.io/article/168820
http://archive.sclqld.org.au/qjudgment/2005/QCA05-138.pdf,archive.sclqld.org.au,https://jade.io/article/168851
http://archive.sclqld.org.au/qjudgment/2005/QCA05-369.pdf,archive.sclqld.org.au,https://jade.io/article/169060
http://archive.sclqld.org.au/qjudgment/2006/QCA06-079.pdf,archive.sclqld.org.au,https://jade.io/article/169220
http://archive.sclqld.org.au/qjudgment/2006/QCA06-080.pdf,archive.sclqld.org.au,https://jade.io/article/169221
http://archive.sclqld.org.au/qjudgment/2006/QCA06-158.pdf,archive.sclqld.org.au,https://jade.io/article/169285
http://archive.sclqld.org.au/qjudgment/2006/QCA06-162.pdf,archive.sclqld.org.au,https://jade.io/article/169290
http://archive.sclqld.org.au/qjudgment/2006/QCA06-220.pdf,archive.sclqld.org.au,https://jade.io/article/169346
http://archive.sclqld.org.au/qjudgment/2006/QCA06-244.pdf,archive.sclqld.org.au,https://jade.io/article/169361
http://archive.sclqld.org.au/qjudgment/2006/QCA06-378.pdf,archive.sclqld.org.au,https://jade.io/article/169461
http://archive.sclqld.org.au/qjudgment/2007/QCA07-066.pdf,archive.sclqld.org.au,https://jade.io/article/57118
http://archive.sclqld.org.au/qjudgment/2007/QCA07-150.pdf,archive.sclqld.org.au,https://jade.io/article/57029
http://archive.sclqld.org.au/qjudgment/2007/QCA07-161.pdf,archive.sclqld.org.au,https://jade.io/article/57038
http://archive.sclqld.org.au/qjudgment/2007/QCA07-210.pdf,archive.sclqld.org.au,https://jade.io/article/14805
http://archive.sclqld.org.au/qjudgment/2007/QCA07-219.pdf,archive.sclqld.org.au,https://jade.io/article/14812
http://archive.sclqld.org.au/qjudgment/2007/QCA07-267.pdf,archive.sclqld.org.au,https://jade.io/article/15502
http://archive.sclqld.org.au/qjudgment/2007/QCA07-383.pdf,archive.sclqld.org.au,https://jade.io/article/17123
http://archive.sclqld.org.au/qjudgment/2008/QCA08-028.pdf,archive.sclqld.org.au,https://jade.io/article/60026
http://archive.sclqld.org.au/qjudgment/2008/QCA08-145.pdf,archive.sclqld.org.au,https://jade.io/article/78675
http://archive.sclqld.org.au/qjudgment/2008/QCA08-412.pdf,archive.sclqld.org.au,https://jade.io/article/88005
http://archive.sclqld.org.au/qjudgment/2009/QCA09-028.pdf,archive.sclqld.org.au,https://jade.io/article/90001
http://archive.sclqld.org.au/qjudgment/2009/QCA09-309.pdf,archive.sclqld.org.au,https://jade.io/article/118680
http://archive.sclqld.org.au/qjudgment/2009/QCA09-332.pdf,archive.sclqld.org.au,https://jade.io/article/119246
http://archive.sclqld.org.au/qjudgment/2009/QCA09-375.pdf,archive.sclqld.org.au,https://jade.io/article/121235
http://archive.sclqld.org.au/qjudgment/2009/QDC09-061.pdf,archive.sclqld.org.au,https://jade.io/article/91488
http://archive.sclqld.org.au/qjudgment/2010/QCA10-036.pdf,archive.sclqld.org.au,https://jade.io/article/127274
http://archive.sclqld.org.au/qjudgment/2010/QCA10-117.pdf,archive.sclqld.org.au,https://jade.io/article/148011
http://archive.sclqld.org.au/qjudgment/2010/QCA10-150.pdf,archive.sclqld.org.au,https://jade.io/article/181805
http://archive.sclqld.org.au/qjudgment/2010/QCA10-194.pdf,archive.sclqld.org.au,https://jade.io/article/196759
http://archive.sclqld.org.au/qjudgment/2010/QCA10-244.pdf,archive.sclqld.org.au,https://jade.io/article/207326
http://archive.sclqld.org.au/qjudgment/2010/QCA10-342.pdf,archive.sclqld.org.au,https://jade.io/article/207376
http://archive.sclqld.org.au/qjudgment/2010/QCA10-372.pdf,archive.sclqld.org.au,https://jade.io/article/207346
http://archive.sclqld.org.au/qjudgment/2011/QCA11-019.pdf,archive.sclqld.org.au,https://jade.io/article/209938
http://archive.sclqld.org.au/qjudgment/2011/QCA11-114.pdf,archive.sclqld.org.au,https://jade.io/article/218193
http://archive.sclqld.org.au/qjudgment/2011/QCA11-123.pdf,archive.sclqld.org.au,https://jade.io/article/227648
http://archive.sclqld.org.au/qjudgment/2011/QCA11-175.pdf,archive.sclqld.org.au,https://jade.io/article/246741
http://archive.sclqld.org.au/qjudgment/2011/QCA11-339.pdf,archive.sclqld.org.au,https://jade.io/article/258302
http://archive.sclqld.org.au/qjudgment/2011/QCA11-343.pdf,archive.sclqld.org.au,https://jade.io/article/258305
http://archive.sclqld.org.au/qjudgment/2011/QCA11-386.pdf,archive.sclqld.org.au,https://jade.io/article/259582
http://archive.sclqld.org.au/qjudgment/2012/QCA12-080.pdf,archive.sclqld.org.au,https://jade.io/article/263240
http://archive.sclqld.org.au/qjudgment/2012/QCA12-082.pdf,archive.sclqld.org.au,https://jade.io/article/263276
http://archive.sclqld.org.au/qjudgment/2012/QCA12-104.pdf,archive.sclqld.org.au,https://jade.io/article/263792
http://archive.sclqld.org.au/qjudgment/2012/QCA12-111.pdf,archive.sclqld.org.au,https://jade.io/article/263881
http://archive.sclqld.org.au/qjudgment/2012/QCA12-124.pdf,archive.sclqld.org.au,https://jade.io/article/265495
http://archive.sclqld.org.au/qjudgment/2012/QCA12-167.pdf,archive.sclqld.org.au,https://jade.io/article/267111
http://archive.sclqld.org.au/qjudgment/2012/QCA12-244.pdf,archive.sclqld.org.au,https://jade.io/article/272332
http://archive.sclqld.org.au/qjudgment/2012/QCA12-248.pdf,archive.sclqld.org.au,https://jade.io/article/272465
http://archive.sclqld.org.au/qjudgment/2012/QCA12-330.pdf,archive.sclqld.org.au,https://jade.io/article/287218
http://archive.sclqld.org.au/qjudgment/2012/QCA12-337.pdf,archive.sclqld.org.au,https://jade.io/article/287225
http://archive.sclqld.org.au/qjudgment/2012/QCA12-343.pdf,archive.sclqld.org.au,https://jade.io/article/287608
http://archive.sclqld.org.au/qjudgment/2013/QCA13-052.pdf,archive.sclqld.org.au,https://jade.io/article/292148
http://archive.sclqld.org.au/qjudgment/2013/QCA13-091.pdf,archive.sclqld.org.au,https://jade.io/article/293993
http://archive.sclqld.org.au/qjudgment/2013/QCA13-163.pdf,archive.sclqld.org.au,https://jade.io/article/297185
http://archive.sclqld.org.au/qjudgment/2013/QCA13-196.pdf,archive.sclqld.org.au,https://jade.io/article/298750
http://archive.sclqld.org.au/qjudgment/2013/QCA13-223.pdf,archive.sclqld.org.au,https://jade.io/article/300535
http://archive.sclqld.org.au/qjudgment/2013/QCA13-238.pdf,archive.sclqld.org.au,https://jade.io/article/301033
http://archive.sclqld.org.au/qjudgment/2013/QCA13-246.pdf,archive.sclqld.org.au,https://jade.io/article/301127
http://archive.sclqld.org.au/qjudgment/2013/QCA13-254.pdf,archive.sclqld.org.au,https://jade.io/article/301973
http://archive.sclqld.org.au/qjudgment/2013/QCA13-342.pdf,archive.sclqld.org.au,https://jade.io/article/305637
http://archive.sclqld.org.au/qjudgment/2014/QCA14-005.pdf,archive.sclqld.org.au,https://jade.io/article/313541
http://archive.sclqld.org.au/qjudgment/2014/QCA14-104.pdf,archive.sclqld.org.au,https://jade.io/article/331753
http://archive.sclqld.org.au/qjudgment/2014/QCA14-132.pdf,archive.sclqld.org.au,https://jade.io/article/336292
http://archive.sclqld.org.au/qjudgment/2014/QCA14-164.pdf,archive.sclqld.org.au,https://jade.io/article/338954
http://archive.sclqld.org.au/qjudgment/2014/QCA14-289.pdf,archive.sclqld.org.au,https://jade.io/article/351950
http://archive.sclqld.org.au/qjudgment/2014/QCA14-299.pdf,archive.sclqld.org.au,https://jade.io/article/352146
http://archive.sclqld.org.au/qjudgment/2015/QCA15-123.pdf,archive.sclqld.org.au,https://jade.io/article/400134
http://archive.sclqld.org.au/qjudgment/2015/QCA15-167.pdf,archive.sclqld.org.au,https://jade.io/article/407749
http://archive.sclqld.org.au/qjudgment/2016/QCA16-027.pdf,archive.sclqld.org.au,https://jade.io/article/447273
http://archive.sclqld.org.au/qjudgment/2016/QCA16-044.pdf,archive.sclqld.org.au,https://jade.io/article/448468
http://archive.sclqld.org.au/qjudgment/2016/QCA16-071.pdf,archive.sclqld.org.au,https://jade.io/article/459772
http://archive.sclqld.org.au/qjudgment/2016/QCA16-123.pdf,archive.sclqld.org.au,https://jade.io/article/463943
http://archive.sclqld.org.au/qjudgment/2016/QCA16-144.pdf,archive.sclqld.org.au,https://jade.io/article/479646
http://archive.sclqld.org.au/qjudgment/2016/QCA16-248.pdf,archive.sclqld.org.au,https://jade.io/article/496178
http://archive.sclqld.org.au/qjudgment/2016/QCA16-302.pdf,archive.sclqld.org.au,https://jade.io/article/505507
https://archive.sclqld.org.au/qjudgment/1992/QCA92-223.pdf,archive.sclqld.org.au,https://jade.io/article/205369
https://archive.sclqld.org.au/qjudgment/1993/QCA93-419.pdf,archive.sclqld.org.au,https://jade.io/article/205748
https://archive.sclqld.org.au/qjudgment/1995/QCA95-328.pdf,archive.sclqld.org.au,https://jade.io/article/165343
https://archive.sclqld.org.au/qjudgment/1996/QCA96-258.pdf,archive.sclqld.org.au,https://jade.io/article/165603
https://archive.sclqld.org.au/qjudgment/1997/QCA97-355.pdf,archive.sclqld.org.au,https://jade.io/article/165929
https://archive.sclqld.org.au/qjudgment/1998/QCA98-119.pdf,archive.sclqld.org.au,https://jade.io/article/166085
https://archive.sclqld.org.au/qjudgment/1998/QCA98-333.pdf,archive.sclqld.org.au,https://jade.io/article/166166
https://archive.sclqld.org.au/qjudgment/1999/QCA99-270.pdf,archive.sclqld.org.au,https://jade.io/article/545037
https://archive.sclqld.org.au/qjudgment/2000/QCA00-244.pdf,archive.sclqld.org.au,https://jade.io/article/166653
https://archive.sclqld.org.au/qjudgment/2001/QCA01-105.pdf,archive.sclqld.org.au,https://jade.io/article/166959
https://archive.sclqld.org.au/qjudgment/2001/QCA01-263.pdf,archive.sclqld.org.au,https://jade.io/article/167089
https://archive.sclqld.org.au/qjudgment/2001/QCA01-387.pdf,archive.sclqld.org.au,https://jade.io/article/167213
https://archive.sclqld.org.au/qjudgment/2002/QCA02-206.pdf,archive.sclqld.org.au,https://jade.io/article/167544
https://archive.sclqld.org.au/qjudgment/2002/QCA02-464.pdf,archive.sclqld.org.au,https://jade.io/article/207042
https://archive.sclqld.org.au/qjudgment/2003/QCA03-070.pdf,archive.sclqld.org.au,https://jade.io/article/167946
https://archive.sclqld.org.au/qjudgment/2006/QCA06-242.pdf,archive.sclqld.org.au,https://jade.io/article/169359
https://archive.sclqld.org.au/qjudgment/2007/QCA07-373.pdf,archive.sclqld.org.au,https://jade.io/article/16851
https://archive.sclqld.org.au/qjudgment/2007/QCA07-447.pdf,archive.sclqld.org.au,https://jade.io/article/19155
https://archive.sclqld.org.au/qjudgment/2008/QCA08-325.pdf,archive.sclqld.org.au,https://jade.io/article/84747
https://archive.sclqld.org.au/qjudgment/2010/QCA10-194.pdf,archive.sclqld.org.au,https://jade.io/article/196759
https://archive.sclqld.org.au/qjudgment/2012/QCA12-156.pdf,archive.sclqld.org.au,https://jade.io/article/266693
https://archive.sclqld.org.au/qjudgment/2012/QCA12-213.pdf,archive.sclqld.org.au,https://jade.io/article/270273
https://archive.sclqld.org.au/qjudgment/2012/QCA12-265.pdf,archive.sclqld.org.au,https://jade.io/article/277517
https://archive.sclqld.org.au/qjudgment/2013/QCA13-029.pdf,archive.sclqld.org.au,https://jade.io/article/290755
https://archive.sclqld.org.au/qjudgment/2013/QCA13-223.pdf,archive.sclqld.org.au,https://jade.io/article/300535
https://archive.sclqld.org.au/qjudgment/2013/QCA13-361.pdf,archive.sclqld.org.au,https://jade.io/article/307132
https://archive.sclqld.org.au/qjudgment/2014/QCA14-223.pdf,archive.sclqld.org.au,https://jade.io/article/344444
https://archive.sclqld.org.au/qjudgment/2014/QCA14-246.pdf,archive.sclqld.org.au,https://jade.io/article/348033
https://archive.sclqld.org.au/qjudgment/2014/QCA14-349.pdf,archive.sclqld.org.au,https://jade.io/article/364210
https://archive.sclqld.org.au/qjudgment/2014/QSC14-277.pdf,archive.sclqld.org.au,https://jade.io/article/350735
https://archive.sclqld.org.au/qjudgment/2016/QCA16-144.pdf,archive.sclqld.org.au,https://jade.io/article/479646
https://archive.sclqld.org.au/qjudgment/2016/QCA16-336.pdf,archive.sclqld.org.au,https://jade.io/article/508903
https://archive.sclqld.org.au/qjudgment/2016/QCA16-350.pdf,archive.sclqld.org.au,https://jade.io/article/510362
https://archive.sclqld.org.au/qjudgment/2017/QCA17-011.pdf,archive.sclqld.org.au,https://jade.io/article/520598
https://archive.sclqld.org.au/qjudgment/2017/QCA17-169.pdf,archive.sclqld.org.au,https://jade.io/article/543834
https://archive.sclqld.org.au/qjudgment/2017/QCA17-257.pdf,archive.sclqld.org.au,https://jade.io/article/561178
https://archive.sclqld.org.au/qjudgment/2017/QSC17-108.pdf,archive.sclqld.org.au,https://jade.io/article/532687
https://archive.sclqld.org.au/qjudgment/2018/QCA18-030.pdf,archive.sclqld.org.au,https://jade.io/article/573709
https://archive.sclqld.org.au/qjudgment/2018/QCA18-125.pdf,archive.sclqld.org.au,https://jade.io/article/592896
https://archive.sclqld.org.au/qjudgment/2018/QCA18-227.pdf,archive.sclqld.org.au,https://jade.io/article/612044
https://archive.sclqld.org.au/qjudgment/2018/QCA18-258.pdf,archive.sclqld.org.au,https://jade.io/article/614197
https://archive.sclqld.org.au/qjudgment/2018/QCA18-365.pdf,archive.sclqld.org.au,https://jade.io/article/634357
https://archive.sclqld.org.au/qjudgment/2018/QSC18-283.pdf,archive.sclqld.org.au,https://jade.io/article/622777
https://archive.sclqld.org.au/qjudgment/2019/QCA19-028.pdf,archive.sclqld.org.au,https://jade.io/article/635719
https://archive.sclqld.org.au/qjudgment/2019/QCA19-135.pdf,archive.sclqld.org.au,https://jade.io/article/650421
https://archive.sclqld.org.au/qjudgment/2019/QCA19-299.pdf,archive.sclqld.org.au,https://jade.io/article/695284
https://archive.sclqld.org.au/qjudgment/2020/QCA20-037.pdf,archive.sclqld.org.au,https://jade.io/article/717422
https://archive.sclqld.org.au/qjudgment/2020/QCA20-038.pdf,archive.sclqld.org.au,https://jade.io/article/718091
https://archive.sclqld.org.au/qjudgment/2020/QCA20-057.pdf,archive.sclqld.org.au,https://jade.io/article/724033
https://archive.sclqld.org.au/qjudgment/2020/QCA20-135.pdf,archive.sclqld.org.au,https://jade.io/article/753297
https://archive.sclqld.org.au/qjudgment/2020/QCA20-192.pdf,archive.sclqld.org.au,https://jade.io/article/764406
https://archive.sclqld.org.au/qjudgment/2020/QCA20-199.pdf,archive.sclqld.org.au,https://jade.io/article/765112
https://archive.sclqld.org.au/qjudgment/2023/QCA23-089.pdf,archive.sclqld.org.au,https://jade.io/article/998940
https://archive.sclqld.org.au/qjudgment/2024/QCA24-120.pdf,archive.sclqld.org.au,https://jade.io/article/1079832
https://archive.sclqld.org.au/qjudgment/2024/QCA24-165.pdf,archive.sclqld.org.au,https://jade.io/article/1089387
https://archive.sclqld.org.au/qjudgment/2024/QCA24-205.pdf,archive.sclqld.org.au,https://jade.io/article/1105551
https://archive.sclqld.org.au/qjudgment/2024/QCA24-238.pdf,archive.sclqld.org.au,https://jade.io/article/1109080
https://archive.sclqld.org.au/qjudgment/2025/QCA25-111.pdf,archive.sclqld.org.au,https://jade.io/article/1140209
https://archive.sclqld.org.au/qjudgment/2025/QCA25-152.pdf,archive.sclqld.org.au,https://jade.io/article/1147545
https://archive.sclqld.org.au/qjudgment/2025/QCA25-186.pdf,archive.sclqld.org.au,https://jade.io/article/1156876
https://archive.sclqld.org.au/sclpub/supreme-and-district-courts-benchbook/your-responsibilities-as-a-juror.pdf,archive.sclqld.org.au,rosetta://link/ch_juror_responsibilities
https://eresources.hcourt.gov.au/downloadPdf/2016/HCA/12,eresources.hcourt.gov.au,https://jade.io/article/460468
https://eresources.hcourt.gov.au/showbyHandle/1/11654,eresources.hcourt.gov.au,https://jade.io/article/67216
https://eresources.hcourt.gov.au/showbyHandle/1/9350,eresources.hcourt.gov.au,https://jade.io/article/65623
https://eresources.hcourt.gov.au/showbyHandle/1/9647,eresources.hcourt.gov.au,https://jade.io/article/67910
https://eresources.hcourt.gov.au/showCase/2015/HCA/38,eresources.hcourt.gov.au,https://jade.io/article/415683
https://eresources.hcourt.gov.au/showCase/2020/HCA/11,eresources.hcourt.gov.au,https://jade.io/article/722112
https://jvl.sclqld.org.au/caselaw/QCA/2021/136,jvl.sclqld.org.au,https://jade.io/article/820801
https://jvl.sclqld.org.au/caselaw/QCA/2021/15,jvl.sclqld.org.au,https://jade.io/article/785498
https://plus.lexis.com/apac/document/documentlink/?pdmfid=1539278&crid=1a1483c6-e19f-4a16-a678-a363645bf34c&pddocfullpath=%2Fshared%2Fdocument%2Fcases-au%2Furn:contentItem:683K-BM51-K0BB-S3B5-00000-00&pdcontentcomponentid=267708&pdproductcontenttypeid=urn:pct:170&pdiskwicview=false&pdpinpoint=&prid=c8f70373-9fba-4380-8463-e3671f91a333&ecomp=7g_ck,plus.lexis.com,https://jade.io/article/980859
https://plus.lexis.com/apac/document/documentlink/?pdmfid=1539278&crid=203fbd3a-aea5-4339-94ff-d09a86eb021e&pddocfullpath=%2Fshared%2Fdocument%2Fcases-au%2Furn:contentItem:6D8B-JTD3-MB3C-T278-00000-00&pdcontentcomponentid=267708&pdproductcontenttypeid=urn:pct:170&pdiskwicview=false&pdpinpoint=&prid=b4c3838a-5650-4e9a-802c-275c5c2ad1de&ecomp=7g_ck,plus.lexis.com,https://jade.io/article/1104840
https://plus.lexis.com/apac/document/documentlink/?pdmfid=1539278&crid=9b39c9d7-b689-41a1-b526-e38069dcd633&pddocfullpath=%2Fshared%2Fdocument%2Fcases-au%2Furn:contentItem:6DC9-W583-MHD8-S2F6-00000-00&pdcontentcomponentid=267708&pdproductcontenttypeid=urn:pct:170&pdiskwicview=false&pdpinpoint=&prid=3f976b77-4510-485f-b665-2e2088294fe0&ecomp=cg_ck,plus.lexis.com,https://jade.io/article/1106341
https://plus.lexis.com/apac/document/documentlink/?pdmfid=1539278&crid=e776bbd4-9c35-4076-ae16-a3b5d5de0b93&pddocfullpath=%2Fshared%2Fdocument%2Fcases-au%2Furn:contentItem:6DH5-CWP3-MC8F-H0D4-00000-00&pdcontentcomponentid=267708&pdproductcontenttypeid=urn:pct:170&pdiskwicview=false&pdpinpoint=&prid=035b2acd-32ed-48ba-8c9a-dda43acb1f52&ecomp=7g_ck,plus.lexis.com,https://jade.io/article/1109080
"https://plus.lexis.com/apac/search/?pdmfid=1539278&crid=4a8e37df-0efb-483a-9cd2-ac1664037e6a&pdsearchterms=%5B2024%5D%20qca%20134&pdtypeofsearch=searchboxclick&pdsearchtype=SearchBox&pdstartin=&pdpsf=&pdqttype=and&pdquerytemplateid=&pdsf=MTA3MjUyNQ~%5Ecases-au,cases-nz~%5ECaseBase%2520Cases&ecomp=6t7kk&earg=pdsf&prid=4dc42e62-60f2-4625-a6cd-2eedb91e0c4b",plus.lexis.com,https://jade.io/article/1084644
https://supremecourt.nt.gov.au/__data/assets/pdf_file/0009/766161/NTSC-25-BLO1606-Mulhall-v-The-Queen-5-May.doc.pdf,supremecourt.nt.gov.au,https://jade.io/article/498343
http://www.austlii.edu.au/cgi-bin/viewdoc/au/cases/cth/HCA/2005/34.html?context=1;query=fingleton%20;mask_path=au/cases/cth/HCA,www.austlii.edu.au,https://jade.io/article/309
http://www.austlii.edu.au/cgi-bin/viewdoc/au/cases/nsw/NSWCCA/2009/171.html,www.austlii.edu.au,https://jade.io/article/95895
https://www.austlii.edu.au/cgi-bin/viewdoc/au/cases/cth/HCA/1978/9.html,www.austlii.edu.au,https://jade.io/article/66772
https://www.austlii.edu.au/cgi-bin/viewdoc/au/cases/cth/HCA/1981/46.html,www.austlii.edu.au,https://jade.io/article/66931
https://www.austlii.edu.au/cgi-bin/viewdoc/au/cases/cth/HCA/1992/13.html,www.austlii.edu.au,https://jade.io/article/67672
https://www.austlii.edu.au/cgi-bin/viewdoc/au/cases/sa/SASC/1997/6127.html?context=1;query=R%20v%20Sinclair;mask_path=au/cases/sa/SASC+au/cases/sa/SASCA+au/cases/sa/SASCFC+au/cases/sa/SACorC+au/cases/sa/SADC+au/cases/sa/SAERDC+au/cases/sa/SAET+au/cases/sa/SALC+au/cases/sa/SAPelhamRp+au/cases/sa/SAIRC+au/cases/sa/SAIndRp+au/cases/sa/SALawRp+au/cases/sa/SAStRp+au/cases/sa/SAWC+au/cases/sa/SACAT+au/cases/sa/SACHOSB+au/cases/sa/SACHOSBCP+au/cases/sa/SADB+au/cases/sa/SAEOT+au/cases/sa/SAHPT+au/cases/sa/SALGCmr+au/cases/sa/SAMB+au/cases/sa/SAPHB+au/cases/sa/SAPDB+au/cases/sa/SAIRComm+au/cases/sa/SADPCT+au/cases/sa/SAOmbFOI+au/cases/sa/SAPSB+au/cases/sa/SAPSBCP+au/cases/sa/SARTT+au/cases/sa/SARTTRP+au/cases/sa/SARTWPR+au/cases/sa/SARTWPRP+au/cases/sa/SAWLRP+au/cases/sa/SAWPRP+au/cases/sa/SAWCAT+au/cases/sa/SAWCT+au/cases/sa/SAWCRP,www.austlii.edu.au,https://jade.io/article/175071
https://www.austlii.edu.au/cgi-bin/viewdoc/au/cases/wa/WASCA/2009/71.html?context=1;query=%5B2009%5D%20WASCA%2071;mask_path=,www.austlii.edu.au,https://jade.io/article/91890
http://www.austlii.edu.au/cgi-bin/viewdoc/au/cases/cth/HCA/1992/13.html,www.austlii.edu.au,https://jade.io/article/67672
https://www.caselaw.nsw.gov.au/decision/549f99cb3004262463b0ffc8,www.caselaw.nsw.gov.au,https://jade.io/article/136049
https://www.caselaw.nsw.gov.au/decision/549f9b7d3004262463b18074,www.caselaw.nsw.gov.au,https://jade.io/article/135965
https://www.caselaw.nsw.gov.au/decision/549fa8ff3004262463b593e5,www.caselaw.nsw.gov.au,https://jade.io/article/183676
https://www.hcourt.gov.au/sites/default/files/eresources/1952/HCA/3.pdf,www.hcourt.gov.au,https://jade.io/article/64813
https://www.hcourt.gov.au/sites/default/files/eresources/2000/HCA/28.pdf,www.hcourt.gov.au,https://jade.io/article/68195
https://www.hcourt.gov.au/sites/default/files/eresources/2000/HCA/3.pdf,www.hcourt.gov.au,https://jade.io/article/68197
https://www.hcourt.gov.au/sites/default/files/eresources/2000/HCA/60.pdf,www.hcourt.gov.au,https://jade.io/article/68230
https://www.hcourt.gov.au/sites/default/files/eresources/2001/HCA/25.pdf,www.hcourt.gov.au,https://jade.io/article/68257
https://www.hcourt.gov.au/sites/default/files/eresources/2002/HCA/12.pdf,www.hcourt.gov.au,https://jade.io/article/68320
https://www.hcourt.gov.au/sites/default/files/eresources/2002/HCA/20.pdf,www.hcourt.gov.au,https://jade.io/article/68329
https://www.hcourt.gov.au/sites/default/files/eresources/2002/HCA/25.pdf,www.hcourt.gov.au,https://jade.io/article/68334
https://www.hcourt.gov.au/sites/default/files/eresources/2002/HCA/26.pdf,www.hcourt.gov.au,https://jade.io/article/68335
https://www.hcourt.gov.au/sites/default/files/eresources/2002/HCA/33.pdf,www.hcourt.gov.au,https://jade.io/article/68343
https://www.hcourt.gov.au/sites/default/files/eresources/2003/HCA/29.pdf,www.hcourt.gov.au,https://jade.io/article/68398
https://www.hcourt.gov.au/sites/default/files/eresources/2003/HCA/40.pdf,www.hcourt.gov.au,https://jade.io/article/68411
https://www.hcourt.gov.au/sites/default/files/eresources/2005/HCA/34.pdf,www.hcourt.gov.au,https://jade.io/article/309
https://www.hcourt.gov.au/sites/default/files/eresources/2005/HCA/65.pdf,www.hcourt.gov.au,https://jade.io/article/340
https://www.hcourt.gov.au/sites/default/files/eresources/2006/HCA/4.pdf,www.hcourt.gov.au,https://jade.io/article/390
https://www.hcourt.gov.au/sites/default/files/eresources/2007/HCA/55.pdf,www.hcourt.gov.au,https://jade.io/article/18380
https://www.hcourt.gov.au/sites/default/files/eresources/2007/HCA/59.pdf,www.hcourt.gov.au,https://jade.io/article/18712
https://www.hcourt.gov.au/sites/default/files/eresources/2008/HCA/16.pdf,www.hcourt.gov.au,https://jade.io/article/69412
https://www.hcourt.gov.au/sites/default/files/eresources/2009/HCA/53.pdf,www.hcourt.gov.au,https://jade.io/article/121793
https://www.hcourt.gov.au/sites/default/files/eresources/2011/HCA/12.pdf,www.hcourt.gov.au,https://jade.io/article/216441
https://www.hcourt.gov.au/sites/default/files/eresources/2015/HCA/27.pdf,www.hcourt.gov.au,https://jade.io/article/402565
https://www.hcourt.gov.au/sites/default/files/eresources/2016/HCA/12.pdf,www.hcourt.gov.au,https://jade.io/article/460468
https://www.hcourt.gov.au/sites/default/files/eresources/2016/HCA/14.pdf,www.hcourt.gov.au,https://jade.io/article/461692
https://www.hcourt.gov.au/sites/default/files/eresources/2016/HCA/35.pdf,www.hcourt.gov.au,https://jade.io/article/489654
https://www.hcourt.gov.au/sites/default/files/eresources/2017/HCA/17.pdf,www.hcourt.gov.au,https://jade.io/article/528728
https://www.hcourt.gov.au/sites/default/files/eresources/2017/HCA/20.pdf,www.hcourt.gov.au,https://jade.io/article/533430
https://www.hcourt.gov.au/sites/default/files/eresources/2017/HCA/36.pdf,www.hcourt.gov.au,https://jade.io/article/547503
https://www.hcourt.gov.au/sites/default/files/eresources/2018/HCA/40.pdf,www.hcourt.gov.au,https://jade.io/article/609938
https://www.hcourt.gov.au/sites/default/files/eresources/2018/HCA/8.pdf,www.hcourt.gov.au,https://jade.io/article/574290
https://www.hcourt.gov.au/sites/default/files/eresources/2019/HCA/10.pdf,www.hcourt.gov.au,https://jade.io/article/638270
https://www.hcourt.gov.au/sites/default/files/eresources/2019/HCA/48.pdf,www.hcourt.gov.au,https://jade.io/article/694847
https://www.hcourt.gov.au/sites/default/files/eresources/2020/HCA/11.pdf,www.hcourt.gov.au,https://jade.io/article/722112
https://www.hcourt.gov.au/sites/default/files/eresources/2020/HCA/23.pdf,www.hcourt.gov.au,https://jade.io/article/754178
https://www.hcourt.gov.au/sites/default/files/eresources/2021/HCA/12.pdf,www.hcourt.gov.au,https://jade.io/article/802223
https://www.hcourt.gov.au/sites/default/files/eresources/2021/HCA/36.pdf,www.hcourt.gov.au,https://jade.io/article/847521
https://www.hcourt.gov.au/sites/default/files/eresources/2023/HCA/16.pdf,www.hcourt.gov.au,https://jade.io/article/1006654
https://www.hcourt.gov.au/sites/default/files/eresources/2024/HCA/15.pdf,www.hcourt.gov.au,https://jade.io/article/1071422
https://www.hcourt.gov.au/sites/default/files/eresources/2025-10-16/HCA/Palmer%20v%20R%20%28M41-1997%29%20%5B1998%5D%20HCA%202.pdf,www.hcourt.gov.au,https://jade.io/article/68040
https://www.hcourt.gov.au/sites/default/files/eresources/2025-10-16/HCA/Peters%20v%20R%20%28M6-97%29%20%5B1998%5D%20HCA%207.pdf,www.hcourt.gov.au,https://jade.io/article/68095
https://www.hcourt.gov.au/sites/default/files/eresources/2025-10-23/HCA/Gipp%20v%20The%20Queen%20%28B4-1998%29%20%5B1998%5D%20HCA%2021.pdf,www.hcourt.gov.au,https://jade.io/article/68042
https://www.hcourt.gov.au/sites/default/files/eresources/2025-10-23/HCA/Penney%20v%20The%20Queen%20%28A66-1997%29%20%5B1998%5D%20HCA%2051.pdf,www.hcourt.gov.au,https://jade.io/article/68075
https://www.hcourt.gov.au/sites/default/files/eresources/2025-10-30/HCA/Melbourne%20v%20The%20Queen%20%28D10-1998%29%20%5B1999%5D%20HCA%2032.pdf,www.hcourt.gov.au,https://jade.io/article/68132
https://www.hcourt.gov.au/sites/default/files/eresources/2025-10-30/HCA/Robinson%20v%20The%20Queen%20%28B59-1998%29%20%5B1999%5D%20HCA%2042.pdf,www.hcourt.gov.au,https://jade.io/article/68143
https://www.hcourt.gov.au/sites/default/files/eresources/2025-10-30/HCA/Wu%20v%20The%20Queen%20%28S22-1999%29%20%5B1999%5D%20HCA%2052.pdf,www.hcourt.gov.au,https://jade.io/article/68154
https://www.sclqld.org.au/caselaw/48219,www.sclqld.org.au,https://jade.io/article/167697