og_url,remapped_url,times_replaced
http://0-www.lexisnexis.com.catalogue.sclqld.org.au/au/legal/results/docview/attachRetrieve.do?csi=267694&A=0.17726381264765423&ersKey=23_T25190711453&urlEnc=ISO-8859-1&inline=y&smi=17326&componentseq=1&key=5CVC-H4N1-DY5B-628C-00000-00&type=pdf&displayType=full_pdf&lni=5CVC-H4N1-DY5B-628C&docTitle=HAMMOND%20v%20THE%20QUEEN%20-%20(2013)%2085%20NSWLR%20313%20-%2010%20May%202013,https://anzlaw.thomsonreuters.com/Link/Document/FullText?findType=Y&serNum=2030553112&pubNum=5138&originatingDoc=I0f982e50882111e8aca5bab3c9b3f468&refType=TG&originationContext=document&transitionType=DocumentItem&ppcid=0b0049e56d1543d49fa8f2e72e20ca40&contextData=(sc.Default)&comp=wlau Inaccessible; Not Resolving,0
"http://0-www.lexisnexis.com.catalogue.sclqld.org.au/au/legal/results/docview/attachRetrieve.do?csi=267696&A=0.5362308707197203&ersKey=23_T25567228335&urlEnc=ISO-8859-1&inline=y&smi=17320&componentseq=1&key=4C6C-M7T0-TWGM-J0JX-00000-00&type=pdf&displayType=full_pdf&lni=4C6C-M7T0-TWGM-J0JX&docTitle=R.%20v%20F.,%20ex%20parte%20ATTORNEY-GENERAL%20-%20%5B2004%5D%201%20Qd%20R%20162%20-%2028%20February%202003&altRendition=Y",https://www.queenslandjudgments.com.au/case/id/501169,0
http://0-www.westlaw.com.au.catalogue.sclqld.org.au/maf/wlau/app/blob?blobguid=I2d41c7f0cc8411e08eefa443f89988a0&file=(1971)_26_LGRA_237.pdf,https://anzlaw.thomsonreuters.com/Link/Document/FullText?findType=Y&serNum=1971097546&pubNum=5137&originatingDoc=Id897c73088d411e8aca5bab3c9b3f468&refType=TG&originationContext=document&transitionType=DocumentItem&ppcid=c4ed16e778304907919c9bbef36051c3&contextData=(sc.Default)&comp=wlau,0
http://0-www.westlaw.com.au.catalogue.sclqld.org.au/maf/wlau/app/blob?blobguid=I69df3c40cc8111e08eefa443f89988a0&file=(1993)_178_CLR_193.pdf,https://anzlaw.thomsonreuters.com/Link/Document/FullText?findType=Y&serNum=1993376502&pubNum=3586&originatingDoc=Iaed37b2087ac11e8aca5bab3c9b3f468&refType=TG&originationContext=document&transitionType=DocumentItem&ppcid=2c658a90cb274cac894899b0a9ce24e5&contextData=(sc.Default)&comp=wlau,0
http://0-www.westlaw.com.au.catalogue.sclqld.org.au/maf/wlau/app/blob?blobguid=I837ade70cc8111e08eefa443f89988a0&file=(2003)_217_CLR_1.pdf,https://anzlaw.thomsonreuters.com/Link/Document/FullText?findType=Y&serNum=2003537364&pubNum=3586&originatingDoc=I6087086087b611e8aca5bab3c9b3f468&refType=TG&originationContext=document&transitionType=DocumentItem&ppcid=cb3b45d49c894b9cac4fce2b6b10c854&contextData=(sc.Default)&comp=wlau,0
http://0-www.westlaw.com.au.catalogue.sclqld.org.au/maf/wlau/app/blob?blobguid=I995b4d60cc8111e08eefa443f89988a0&file=(2008)_82_ALJR_1334.pdf,https://anzlaw.thomsonreuters.com/Link/Document/FullText?findType=Y&serNum=2016843566&pubNum=5147&originatingDoc=I79380d6087bf11e8aca5bab3c9b3f468&refType=TG&originationContext=document&transitionType=DocumentItem&ppcid=2500741a7e704786bf45c46c32c45a79&contextData=(sc.Default)&comp=wlau,0
http://0-www.westlaw.com.au.catalogue.sclqld.org.au/maf/wlau/app/blob?blobguid=I99c8dc40cc8111e08eefa443f89988a0&file=(2008)_237_CLR_1.pdf,https://anzlaw.thomsonreuters.com/Link/Document/FullText?findType=Y&serNum=2016843566&pubNum=3586&originatingDoc=I79380d6087bf11e8aca5bab3c9b3f468&refType=TG&originationContext=document&transitionType=DocumentItem&ppcid=2500741a7e704786bf45c46c32c45a79&contextData=(sc.Default)&comp=wlau,0
http://0-www.westlaw.com.au.catalogue.sclqld.org.au/maf/wlau/app/document?docguid=I068e37d07bf011e6881a84759648e093&tocDs=AUNZ_CASE_TOC&isTocNav=true&startChunk=1&endChunk=1,https://anzlaw.thomsonreuters.com/Link/Document/FullText?findType=Y&serNum=1987287701&pubNum=4840&originatingDoc=Id0d5f01088e511e8aca5bab3c9b3f468&refType=TG&originationContext=document&transitionType=DocumentItem&ppcid=4abe3d56f40442bebf6ffb6d8d026521&contextData=(sc.Default)&comp=wlau,0
http://0-www.westlaw.com.au.catalogue.sclqld.org.au/maf/wlau/app/document?docguid=I2c10b4439e1c11e0a619d462427863b2&tocDs=AUNZ_CASES_TOC&isTocNav=true&startChunk=1&endChunk=1,https://anzlaw.thomsonreuters.com/Link/Document/FullText?findType=Y&serNum=2003579075&pubNum=5341&originatingDoc=Ied02bee088ad11e8aca5bab3c9b3f468&refType=TG&originationContext=document&transitionType=DocumentItem&ppcid=2540b782b76845629b1381793563f5c7&contextData=(sc.Default)&comp=wlau,0
http://0-www.westlaw.com.au.catalogue.sclqld.org.au/maf/wlau/app/document?docguid=I777469f331d211e69e0fd18d932f6e2c&tocDs=AUNZ_CASES_TOC&isTocNav=true&startChunk=1&endChunk=1,https://anzlaw.thomsonreuters.com/Link/Document/FullText?findType=Y&serNum=1974157206&pubNum=4840&originatingDoc=If9c3138088f011e8aca5bab3c9b3f468&refType=TG&originationContext=document&transitionType=DocumentItem&ppcid=9c3c83c321594dcdb2e5164bfdc1595e&contextData=(sc.Default)&comp=wlau,0
http://0-www.westlaw.com.au.catalogue.sclqld.org.au/maf/wlau/app/document?docguid=Ia13b4c9031d211e69e0fd18d932f6e2c&tocDs=AUNZ_CASES_TOC&isTocNav=true&startChunk=1&endChunk=1,https://anzlaw.thomsonreuters.com/Link/Document/FullText?findType=Y&serNum=1986183751&pubNum=4840&originatingDoc=I61d1260088f211e8aca5bab3c9b3f468&refType=TG&originationContext=document&transitionType=DocumentItem&ppcid=d1116493b8f84d0291a2c27e825b1fbc&contextData=(sc.Default)&comp=wlau,0
http://0-www.westlaw.com.au.catalogue.sclqld.org.au/maf/wlau/app/document?docguid=Iaf148eea9d6611e0a619d462427863b2&tocDs=AUNZ_CASES_TOC&isTocNav=true&startChunk=1&endChunk=1,https://anzlaw.thomsonreuters.com/Link/Document/FullText?findType=Y&serNum=2007427118&pubNum=3586&originatingDoc=If784dfa087b911e8aca5bab3c9b3f468&refType=TG&originationContext=document&transitionType=DocumentItem&ppcid=51270fd5128349ee83dcbf7b6f136828&contextData=(sc.Default)&comp=wlau,0
http://www.austlii.edu.au/cgi-bin/viewdoc/au/cases/cth/HCA/2005/34.html?context=1;query=fingleton%20;mask_path=au/cases/cth/HCA,https://jade.io/article/309,0
http://www.austlii.edu.au/cgi-bin/viewdoc/au/cases/nsw/NSWCCA/2009/171.html,https://jade.io/article/95895,0
https://advance-lexis-com.ezproxy-az.sclqld.org.au/api/permalink/e07322c1-da01-48d3-a2d8-5474aafe1932/?context=1201008&identityprofileid=98NNDT55483,https://jade.io/article/169523,0
https://advance-lexis-com.ezproxy-az.sclqld.org.au/document/documentlink/?pdmfid=1201008&crid=1d30bcdb-1ba8-44c3-a48d-9a6504faf7e7&pddocfullpath=%2Fshared%2Fdocument%2Fcases-au%2Furn%3AcontentItem%3A65PS-2CC1-F4GK-M1FS-00000-00&pdcontentcomponentid=267708&pddoctitle=%5B2022%5D+QCA+108&pdproductcontenttypeid=urn%3Apct%3A170&pdiskwicview=false&ecomp=g2z2k&prid=4ebd1e4a-1e67-43e8-a783-1d707b2fe1e8,https://jade.io/article/934435,0
https://advance-lexis-com.ezproxy-az.sclqld.org.au/document/onecase/?pdmfid=1201008&crid=fc9ac081-030d-428f-a18f-09184595b47d&pddocfullpath=%2Fshared%2Fdocument%2Fcases-au%2Furn%3AcontentItem%3A5SM9-G441-F1WF-M2G8-00000-00&pdcontentcomponentid=267708&pdteaserkey=cr2&pdicsfeatureid=1517127&pditab=allpods&ecomp=hctpk&earg=cr2&prid=3b8415b2-7479-4be0-a425-f59030f2e5b6,https://jade.io/article/592896,0
https://advance-lexis-com.ezproxy-az.sclqld.org.au/document/?pdmfid=1201008&crid=c50bb7ff-acb2-4654-958a-63d7fec84c23&pddocfullpath=%2Fshared%2Fdocument%2Fcases-au%2Furn%3AcontentItem%3A5PB3-H441-FFFC-B09G-00000-00&pdcontentcomponentid=267708&pdshepid=urn%3AcontentItem%3A5PB3-H441-FFFC-B09G-00000-00&pdteaserkey=sr0&pdicsfeatureid=1517127&pditab=allpods&ecomp=hwtpk&earg=sr0&prid=7a737290-5d59-41c4-a16b-618471f9cbbe,https://jade.io/article/207164,0
https://anzlaw.thomsonreuters.com/Document/I37d5c5a0899111e8aca5bab3c9b3f468/View/FullText.html?transitionType=Default&contextData=(sc.Default)&VR=3.0&RS=cblt1.0,https://jade.io/article/142452,0
https://anzlaw.thomsonreuters.com/Document/I4993857088ab11e8aca5bab3c9b3f468/View/FullText.html?transitionType=Default&contextData=(sc.Default)&VR=3.0&RS=cblt1.0,https://jade.io/article/206991,0
https://anzlaw.thomsonreuters.com/Document/I63a2bbe088a911e8aca5bab3c9b3f468/View/FullText.html?transitionType=Default&contextData=(sc.Default)&VR=3.0&RS=cblt1.0,https://jade.io/article/206684,0
https://anzlaw.thomsonreuters.com/Document/I78192fc0184511ed81c5f735b8cf580f/View/FullText.html?transitionType=Default&contextData=(sc.Default)&VR=3.0&RS=cblt1.0,https://jade.io/article/940630,0
https://anzlaw.thomsonreuters.com/Document/I8669f472a2e611eab1cbf180a7ce9b34/View/FullText.html?transitionType=Default&contextData=(sc.Default)&VR=3.0&RS=cblt1.0,https://jade.io/article/736792,0
https://anzlaw.thomsonreuters.com/Document/Ic8896d50642211efb6d78c1fa0b6d9c8/View/FullText.html?transitionType=Default&contextData=(sc.Default)&VR=3.0&RS=cblt1.0,https://jade.io/article/1087633,0
https://anzlaw.thomsonreuters.com/Document/Ic8d28070cf8611eea4f4c0c40afe197b/View/FullText.html?transitionType=UniqueDocItem&contextData=(sc.Default)&userEnteredCitation=R+v+Tracy+%5b2024%5d+QCA+19&comp=wlau,https://jade.io/article/1063291,0
https://anzlaw.thomsonreuters.com/Document/Icc9597108cf011efaf09a53406c15bac/View/FullText.html?transitionType=Default&contextData=(sc.Default)&VR=3.0&RS=cblt1.0,https://jade.io/article/1095366,0
https://anzlaw.thomsonreuters.com/Document/Idb17678087b311e8aca5bab3c9b3f468/View/FullText.html?transitionType=Default&contextData=(sc.Default)&VR=3.0&RS=cblt1.0,https://jade.io/article/68197,0
https://anzlaw.thomsonreuters.com/Document/If32f523088ab11e8aca5bab3c9b3f468/View/FullText.html?transitionType=Default&contextData=(sc.Default)&VR=3.0&RS=cblt1.0,https://jade.io/article/166959,0
https://anzlaw.thomsonreuters.com/Link/Document/FullText?findType=Y&serNum=1981172709&pubNum=3586&originatingDoc=I62b4467087a711e8aca5bab3c9b3f468&refType=TG&originationContext=document&transitionType=DocumentItem&ppcid=3330ee783afa40b282a2af2e018cf321&contextData=(sc.Default)&comp=wlau,https://jade.io/article/172213,0
https://advance-lexis-com.ezproxy-az.sclqld.org.au/document/documentlink/?pdmfid=1201008&crid=1164d926-6293-4843-b66d-e968edc7c453&pddocfullpath=%2Fshared%2Fdocument%2Fcases-au%2Furn%3AcontentItem%3A59TD-NJD1-F2TK-207D-00000-00&pdcontentcomponentid=267706&pddoctitle=%5B2013%5D+NSWCCA+237&pdproductcontenttypeid=urn%3Apct%3A170&pdiskwicview=false&ecomp=g2z2k&prid=d94956b2-cfb0-4540-b780-f2356e032685,https://jade.io/article/304968,0
https://advance-lexis-com.ezproxy-az.sclqld.org.au/document/onecase/?pdmfid=1201008&crid=147082ab-2b23-49f1-9af4-de849d6285aa&pddocfullpath=%2Fshared%2Fdocument%2Fcases-au%2Furn%3AcontentItem%3A5MXP-1H71-FJDY-X1SP-00000-00&pdcontentcomponentid=267706&pdteaserkey=cr2&pdicsfeatureid=1517127&pditab=allpods&ecomp=hwtpk&earg=cr2&prid=336b910a-2fb9-42a0-8e75-fcd6380091ac,https://jade.io/article/521424,0
https://advance-lexis-com.ezproxy-az.sclqld.org.au/document/onecase/?pdmfid=1201008&crid=aa1130db-3cb7-47e9-b849-090908a82a3d&pddocfullpath=%2Fshared%2Fdocument%2Fcases-au%2Furn%3AcontentItem%3A61JY-V8T1-K0HK-22K8-00000-00&pdcontentcomponentid=267706&pdteaserkey=cr1&pdicsfeatureid=1517127&pditab=allpods&ecomp=hwtpk&earg=cr1&prid=33c2ae89-0482-4cab-a84e-7d304e933fe9,https://jade.io/article/780385,0
https://eresources.hcourt.gov.au/downloadPdf/2016/HCA/12,https://www.hcourt.gov.au/sites/default/files/eresources/2016/HCA/12.pdf,0
https://eresources.hcourt.gov.au/showbyHandle/1/11654,https://jade.io/article/67216,0
https://eresources.hcourt.gov.au/showbyHandle/1/9350,https://jade.io/article/65623,0
https://eresources.hcourt.gov.au/showbyHandle/1/9647,https://jade.io/article/67910,0
https://eresources.hcourt.gov.au/showCase/2015/HCA/38,https://www.hcourt.gov.au/sites/default/files/eresources/2015/HCA/38.pdf,0
https://eresources.hcourt.gov.au/showCase/2020/HCA/11,https://www.hcourt.gov.au/sites/default/files/eresources/2020/HCA/11.pdf,0
https://plus.lexis.com/apac/document/documentlink/?pdmfid=1539278&crid=1a1483c6-e19f-4a16-a678-a363645bf34c&pddocfullpath=%2Fshared%2Fdocument%2Fcases-au%2Furn:contentItem:683K-BM51-K0BB-S3B5-00000-00&pdcontentcomponentid=267708&pdproductcontenttypeid=urn:pct:170&pdiskwicview=false&pdpinpoint=&prid=c8f70373-9fba-4380-8463-e3671f91a333&ecomp=7g_ck,https://jade.io/article/980859,0
https://plus.lexis.com/apac/document/documentlink/?pdmfid=1539278&crid=203fbd3a-aea5-4339-94ff-d09a86eb021e&pddocfullpath=%2Fshared%2Fdocument%2Fcases-au%2Furn:contentItem:6D8B-JTD3-MB3C-T278-00000-00&pdcontentcomponentid=267708&pdproductcontenttypeid=urn:pct:170&pdiskwicview=false&pdpinpoint=&prid=b4c3838a-5650-4e9a-802c-275c5c2ad1de&ecomp=7g_ck,https://jade.io/article/1104840,0
https://plus.lexis.com/apac/document/documentlink/?pdmfid=1539278&crid=9b39c9d7-b689-41a1-b526-e38069dcd633&pddocfullpath=%2Fshared%2Fdocument%2Fcases-au%2Furn:contentItem:6DC9-W583-MHD8-S2F6-00000-00&pdcontentcomponentid=267708&pdproductcontenttypeid=urn:pct:170&pdiskwicview=false&pdpinpoint=&prid=3f976b77-4510-485f-b665-2e2088294fe0&ecomp=cg_ck,https://jade.io/article/1106341,0
https://plus.lexis.com/apac/document/documentlink/?pdmfid=1539278&crid=e776bbd4-9c35-4076-ae16-a3b5d5de0b93&pddocfullpath=%2Fshared%2Fdocument%2Fcases-au%2Furn:contentItem:6DH5-CWP3-MC8F-H0D4-00000-00&pdcontentcomponentid=267708&pdproductcontenttypeid=urn:pct:170&pdiskwicview=false&pdpinpoint=&prid=035b2acd-32ed-48ba-8c9a-dda43acb1f52&ecomp=7g_ck,https://jade.io/article/1109080,0
http://www6.austlii.edu.au/cgi-bin/LawCite?cit=%281988%29+37+A+Crim+R+131&party1=&party2=&court=&juris=&article=&author=&year1=&year2=&synonyms=on&filter=on&cases-cited=&legis-cited=&section=,https://anzlaw.thomsonreuters.com/Link/Document/FullText?findType=Y&serNum=1988282905&pubNum=5341&originatingDoc=I3153fed0881111e8aca5bab3c9b3f468&refType=TG&originationContext=document&transitionType=DocumentItem&ppcid=719c756836b94ecba8635000890729f9&contextData=(sc.Default)&comp=wlau,0
"https://plus.lexis.com/apac/search/?pdmfid=1539278&crid=4a8e37df-0efb-483a-9cd2-ac1664037e6a&pdsearchterms=%5B2024%5D%20qca%20134&pdtypeofsearch=searchboxclick&pdsearchtype=SearchBox&pdstartin=&pdpsf=&pdqttype=and&pdquerytemplateid=&pdsf=MTA3MjUyNQ~%5Ecases-au,cases-nz~%5ECaseBase%2520Cases&ecomp=6t7kk&earg=pdsf&prid=4dc42e62-60f2-4625-a6cd-2eedb91e0c4b",https://jade.io/article/1084644,0
https://www.austlii.edu.au/cgi-bin/viewdoc/au/cases/cth/HCA/1978/9.html,https://jade.io/article/66772,0
https://www.austlii.edu.au/cgi-bin/viewdoc/au/cases/cth/HCA/1981/46.html,https://jade.io/article/66931,0
https://www.austlii.edu.au/cgi-bin/viewdoc/au/cases/cth/HCA/1992/13.html,https://jade.io/article/67672,0
https://www.austlii.edu.au/cgi-bin/viewdoc/au/cases/sa/SASC/1997/6127.html?context=1;query=R%20v%20Sinclair;mask_path=au/cases/sa/SASC+au/cases/sa/SASCA+au/cases/sa/SASCFC+au/cases/sa/SACorC+au/cases/sa/SADC+au/cases/sa/SAERDC+au/cases/sa/SAET+au/cases/sa/SALC+au/cases/sa/SAPelhamRp+au/cases/sa/SAIRC+au/cases/sa/SAIndRp+au/cases/sa/SALawRp+au/cases/sa/SAStRp+au/cases/sa/SAWC+au/cases/sa/SACAT+au/cases/sa/SACHOSB+au/cases/sa/SACHOSBCP+au/cases/sa/SADB+au/cases/sa/SAEOT+au/cases/sa/SAHPT+au/cases/sa/SALGCmr+au/cases/sa/SAMB+au/cases/sa/SAPHB+au/cases/sa/SAPDB+au/cases/sa/SAIRComm+au/cases/sa/SADPCT+au/cases/sa/SAOmbFOI+au/cases/sa/SAPSB+au/cases/sa/SAPSBCP+au/cases/sa/SARTT+au/cases/sa/SARTTRP+au/cases/sa/SARTWPR+au/cases/sa/SARTWPRP+au/cases/sa/SAWLRP+au/cases/sa/SAWPRP+au/cases/sa/SAWCAT+au/cases/sa/SAWCT+au/cases/sa/SAWCRP,https://jade.io/article/175071,0
https://www.austlii.edu.au/cgi-bin/viewdoc/au/cases/wa/WASCA/2009/71.html?context=1;query=%5B2009%5D%20WASCA%2071;mask_path=,https://jade.io/article/91890,0
http://www6.austlii.edu.au/cgi-bin/LawCite?cit=%282007%29+171+A+Crim+R+315&party1=&party2=&court=&juris=&article=&author=&year1=&year2=&synonyms=on&filter=on&cases-cited=&legis-cited=&section=,https://anzlaw.thomsonreuters.com/Link/Document/FullText?findType=Y&serNum=2012277763&pubNum=5341&originatingDoc=Ia33693c0891d11e8aca5bab3c9b3f468&refType=TG&originationContext=document&transitionType=DocumentItem&ppcid=2bb0aeda5f0048b0af5bdd9400545204&contextData=(sc.Default)&comp=wlau,0
http://www8.austlii.edu.au/cgi-bin/viewdoc/au/cases/qld/QCA/2005/306.html?query=,https://jade.io/article/169004,0
http://www.austlii.edu.au/cgi-bin/viewdoc/au/cases/cth/HCA/1992/13.html,https://jade.io/article/67672,0
